id,mallName,country,city,yearOpened,gla_sqft,gla_sqmt,shops
37,The Grand Central Mall,Pakistan,Faisalabad,0,310000 3300000,0
29,Fashion Island Thailand,Thailand,Bangkok,1995,350000 3800000,150
50,Centro Comercial Santafé,Colombia,Bogota,2006,250000 2700000,150
28,Mal Taman Anggrek,Indonesia,Jakarta,1996,360000 3900000,150
38,Zhengjia Plaza Grandview Mall,China,Guangzhou,2005,280000 3000000,180
46,Mall of Arabia,Saudi Arabia,Jeddah,2010,261000 2810000,187
19,Siam Paragon,Thailand,Bangkok,2005,400000 4300000,200
26,Jamuna Future Park,Bangladesh,Dhaka,2013,380000 4100000,200
38,American Dream Meadowlands,United States,East Rutherford NJ New York City area,2019,280000 3000000,200
38,Haikou International Duty Free City,China,Haikou Hainan,2022,280000 3000000,200
32,Lucky One Mall,Pakistan,Karachi,2017,340000 3700000,200
47,King of Prussia,United States,King of Prussia Philadelphia metropolitan area,1963,259500 2793000,200
34,Berjaya Times Square,Malaysia,Kuala Lumpur,2003,320000 3400000,200
50,Emporium Mall,Pakistan,Lahore,2016,250000 2700000,200
26,Albrook Mall,Panama,Panama City,2002,380000 4100000,200
25,Lotte World Mall,South Korea,Seoul,2014,383470 4127600,200
38,Centro Mayor,Colombia,Bogota,2010,280000 3000000,250
34,Limketkai Center,Philippines,Cagayan de Oro,1992,320000 3400000,250
48,Greenwich Mall,Russia,Ekaterinburg,2006,258673 2784330,250
33,Gandaria City,Indonesia,Jakarta,2010,336279 3619680,250
19,Dream Mall,Taiwan,Kaohsiung,2007,400000 4300000,250
19,Festival Alabang,Philippines,Muntinlupa Metro Manila,1998,400000 4300000,250
19,Central Phuket,Thailand,Phuket,2004,400000 4300000,250
49,Tunjungan Plaza,Indonesia,Surabaya,1986,253187 2725280,250
50,South Coast Plaza,United States,Costa Mesa Greater Los Angeles,1967,250000 2700000,286
50,Aventura Mall,United States,Aventura Miami area,1983,250000 2700000,300
50,Centro Sambil,Venezuela,Caracas,1998,250000 2700000,300
50,Glorietta,Philippines,Makati Metro Manila,1991,250000 2700000,300
50,Greenbelt,Philippines,Makati Metro Manila,1991,250000 2700000,300
44,Mal Artha Gading,Indonesia,Jakarta,2004,270000 2900000,330
4,Isfahan City Center,Iran,Isfahan,2012,650000 7000000,350
36,SM City Fairview,Philippines,Quezon City Metro Manila,1997,312749 3366400,350
17,Persian Gulf Complex,Iran,Shiraz,2011,450000 4800000,355
29,The Dubai Mall,United Arab Emirates,Dubai,2008,350000 3800000,400
14,Global Harbor,China,Shanghai,2013,480000 5200000,450
8,Central WestGate,Thailand,Nonthaburi Bangkok Metropolitan Region,2015,550278 5923140,500
12,1 Utama,Malaysia,Petaling Jaya,1995,519328 5590000,503
11,Mall of America,United States,Bloomington MN Minneapolis–Saint Paul,1992,520257 5600000,520
10,ICONSIAM,Thailand,Bangkok,2018,525000 5650000,550
9,CentralWorld,Thailand,Bangkok,1990,550000 5900000,600
2,IOI City Mall,Malaysia,Putrajaya,2014,821000 8840000,650
43,The Avenues Bahrain,Bahrain,Bahrain Bay,2017,273000 2940000,680
42,SM City Cebu,Philippines,Cebu City,1993,273804 2947200,680
44,Medan Centre Point,Indonesia,Medan,2013,270000 2900000,680
16,SM Seaside City Cebu,Philippines,Cebu City,2015,470486 5064270,700
7,Golden Resources Mall,China,Beijing,2004,557419 6000010,750
29,West Edmonton Mall,Canada,Edmonton Alberta,1981,350000 3800000,800
15,SM Megamall,Philippines,Mandaluyong Metro Manila,1991,474000 5100000,1000
13,SM City North EDSA,Philippines,Quezon City Metro Manila,1985,497213 5351960,1000
19,Sunway Pyramid,Malaysia,Subang Jaya,1997,400000 4300000,1000
6,SM Tianjin,China,Tianjin,2016,565000 6080000,1000
18,The Avenues Mall,Kuwait,Al Rai,2007,425000 4570000,1100
19,New Century Global Center,China,Chengdu,2013,400000 4300000,2300
3,South China Mall,China,Dongguan,2005,659612 7100000,2350
1,Iran Mall,Iran,Tehran,2018,1950000 21000000,2500
5,SM Mall of Asia,Philippines,Pasay Metro Manila,2006,589891 6349530,3500
